Username,Review
m*****3,"bungkusannya sangat rapi dan aman, ada bubble wrap, kiriman nya sangat cepat dan tepat waktu, kondisi barangnya sangat bagus, benar2 original dr Ibox, pkoknya sangat suka dan sangat beruntung skali bisa mendapatkan produk ini,, trimakasih.. luv"
a*****9,"Thanks ibox, hp nya original imei terdaftar pengiriman cepat. Walaupun sempat  deg deg an karna pengiriman jauh dan minta packing kayu tp ngga bisa.. 
tp alhamdulillah barang aman ğŸ¥°ğŸ˜˜"
c*****k,Akhirnya update juga. Jujur baru kali ini order PO di ibox dan ga ngecewain sama sekali. Pengiriman jkt-bali cuma 2 hari dan yang nganter langsung orang office shopeenya. Bener-bener responsible banget. Barangnya juga bagus ga ada cacat sama sekali. 
ferryirawan1985,"Barang sudah sampai dan sangat cepat banget keluar pulau juga,  mantappp sesuai harapan"
mellynarahayu97,"Jjur banget nih yaa ğŸ˜Š
Pengiriman nyaa cepat bangettt ğŸ‘ğŸ»ğŸ‘ğŸ»ğŸ‘ğŸ»
Besttt bangett smoga awet aja dehhh 
Minus nya cuma gak dpet bag ibox yang hitam â˜ºï¸ğŸ˜©"
justine_joned,Kiriman sudah sampai dengan selamat. Mantap sekali barangnya. MakasihğŸ™ğŸ»ğŸ‘
t*****3,"Alhamdulillah paket dah sampai, seneng bgt, baru pertama kali beli HP online, gak murah lagi, 
Deg deg an takut ga sampai, takut penipuan, 
Akhirnya barang dtang ori karna dari ibox. 
Makasih ibox"
r*****5,
putripitalokacandra,"Bagus banget, nyampenya cepet, cuman sayang bungkusnya ngeri ğŸ˜­ takut kenapa-kenapa, tapi untungnya gk papa sih"
p*****n,"Alhamdulillah sudah sampai. Terimakasih banyak. Pengirimannya cepat sekali. Order tgl 6 , tgl 8 sudah sampai dengan selamat. Terimakasih yaaaa...."
t*****s,"Pengiriman cepat banget.. 2 hari proses nyampe. barang sesuai pesanan, packingan juga aman dan rapi. Dan sukaaa banget sama barangnya.. makasih"
yuliana_ps,"Kualitas Produk Sangat Baik.
Produk Original.
Harga Produk Sangat Baik.
Kecepatan Pengiriman Sangat Baik dan Cepat.
Kurir sopan & bertanggung jawab dg barang yg dikirim.
Terimakasih Erafone, Sukses selalu yaaa...."
fendisatria96,pengiriman sangat cepat pelayanan dari pihak ibox sangat baik walau pun bertemu konsumen bawel seperti saya dan pengiriman dari shopee Express sangat aman bahkan tidak di temukan goressan sedikit pun di kotak saya trimakasih
rendratriyanto,"Wow paket Iphone sudah diterima dengan kondisi baik dan bagus tidak ada cacat atau kerusakan, ini sudah digunakan beberapa minggu dan alhamdulillah lancar tidak ada kendala pada iPhone, semoga kedepannya selalu lancar dan bagus produk-produk iPhone ! Thanks iBox."
iltafiatoifurachmad,"Barang sesuai dengan diskripsi, packing rapi dan pengiriman cepat"
s*****a,
deralova,pengiriman agak lama gak sama kayak temenku. mungkin karena beda jasa kirim. oya sempet kaget karena packingan hanya didalam dus dan bubble wrap nya jg gak tebel. tapi Alhamdulillah ga ada cacat. suka â¤ï¸ thanks ibox
s*****1,Alhamdulilah nyampe dengan selamat hpâ€™a... pengiriman okee pack juga okee ğŸ˜ŠğŸ˜Š
qamalzhahab,"Produk bagus , alhamdulillah packing kayu dan ga ada rusak sama sekali , hp bagus ga ada kendala sm sekali . Smua mulus , cuma pengiriman lelet parah ! Tolong lain kali pengiriman di perhatikan terlebih dengan hp yang harga puluhan juta  !
"
dewifhiafhyia,"Ikut po 12.12 akhirnya setelah penantian panjang, tibalah barang di meraukeğŸ˜. Packing kayu dan aman Thankyouu Original iBox 100%"
p*****n,bagusss dan packingan aman. meskipun datangnya agak lama karna saya di kalimantan. tapi puas sama barangnya
khairilarifin,Mantapp walau dus nya penyok tp dalam nya aman. Di jamin lah pokoknya ğŸ‘ seller nya ramah jg pengiriman cepat. 2 hari nyampe cuy
n*****e,Yeyyy akhirnya datang juga. Klo ibox udah pasti barangnya terjamin ori dong.
i*****i,Alhamdulillah paket yang ditunggu2 sudah sampe. Terimakasih seller dan shopee. Moga makin sukses dan berkah. Aamiin.
puma.17,Bagus banget suka banget dan pengirimannya juga cepet dan aman banget packagingnya 
n*****n,"aaa finnalllyyy, thankyouuuu ibox officialllâ¤ï¸â¤ï¸â¤ï¸"
eny_zhen,"Wow surprised, tgl 29-31 march,. 2hari cepat sampai datang rumah,,.
Happy, real iphone 12 pro max original baguss banget puaass ğŸ˜,. Thankyou to iBox Apple ğŸ ğŸ’™ "
ntinuter,Akhirnya Datang juga.. Mantap sekali bungg.. Packing rapi.. :)
a*****a,"Alhamdulillah dah nyampe, dag dig dug jg seh baru kali ini beli iPhone online, cepet nyampe ny, Terima kasih ibox"
g*****2,"Hp sampai dengan aman, sempet deg2an krn lama di ekspedisi pas libur kmrn, tp oke banget lancar jaya, cm packingnya harus lebih ditingkatkan lg, agak riskan"
ilyassulis87,"Alhamdulillah sudah ditangan.. seneng banget dan puas dg hpnya.. P.O tgl 12 dkrim tgl 18 dan sdh ditangan tanggal 21 krna JNE lelet bgt.. packing aman cs ramah, terimakasih Ibox..."
satriodeddy20,Koleksi makin nambah alhamdulillah mantap kali ibox hehehe
imeliciouz1085,"Barangsudah sampai dengan selamat, tapi kururnya: Si Cepat sangat payahhh sekali. Barang tdk dikirim2 sampai sekitar 5 hari. Keterangan: tidak ada ditempat, padahal seharusnya sy dirumah & bisa telepon tapi tdk pernah telepon. Saya harus cari & datang ke kantornya untuk nagih barang. Bikin was2 aja."
s*****1,Alhamdulilah nyampe dengan selamat hpâ€™a... pengiriman okee pack juga okee ğŸ˜ŠğŸ˜Š
boashalin,Aman dan terpercaya ğŸ™ğŸ™
r*****6,"Baru sampai setelah PO, cukup lama dalam pengiriman, belum dibuka karena beli untuk orang lain, semoga awet... terimakasih"
a*****a,"Thanks yah seller hapenya sudah sampai, plus dapat cashbak 1,2jt... Thanks ibox dan shopee "
n*****d,Bagus banget. Produk original. Preordernya ga lama dan cepet sampainya.
yuan90,"Uda dateeng cwpeeet bangeedddd...
My Christmas present ğŸ˜ğŸ˜ğŸ˜ğŸ˜ğŸ˜ so happyy... thanks youuuuuu"
galihnolip,"Kualitas produk sangat baik.
Produk original.
Harga produk baik.
Kecepatan pengiriman sangat baik.
Respon penjual sangat epic.
"
a*****n,"Terbaik, aman, cepat. MANTAP
Respect buat Ibox Official shopeeğŸ‘Œ"
d*****g,Produk yang dikirim original. Penjual merespon dengan ramah. Ga nyesel deh beli di toko resmi ibox. Terima kasih!
onedenim,"Iphone pro max 12 256gb pacific blue nya sudah sampai, packing aman, cepet juga untuk preorder"
r*****i,"Pengirimanya lumayan cepet, pengemasanya jg aman barang bagus bangettâ¤ï¸â¤ï¸â¤ï¸"
a*****7,Memuaskan banget pelayanannya.packing  sangat rapi.....
jamallzt,
renaldiwinata,Barang telah diterima dengan baik. Thanks seller........ 
d*****t,Pengiriman sangat lama tapi alhamdulillah nyampe makasii atas responnya pengemasan sangat rapi dan aman
i*****8,Manteb bgt kalau iBox punya tidak pernah mengecewakan
c*****d,Super love and super suka. Warna pacific bluenya baguss!
m*****8,Tapi ga ada tas iboxâ€™ya ama kartu terima kasih 
pujjapuky,Ahh MantappğŸ¥°ğŸ¤‘ uwuww banget deh....
larasatyraharjo,"Cakep,
Pengiriman on time
Kusukaa"
sylus.sy,thankyouuu sukaa bgttt â¤ï¸
brojo24,Fitur Terbaik:barang bagus tapi sayang pengiriman lama
t*****h,"Beli ke 2 disini trnyta yg ke2 ini agak kecewa ,di layar nya  ada retak halus, sudah f u d chat dgn customer service udah kirim foto & video lengkap setelah beberapa hari baru ada info hrs kirim balik device nya dulu & blm pasti dganti device baru, nama nya baru sampe kita pgn nya ganti baru"
kataaldy,"Sebuah pengalaman yang luar biasa beli ponsel seharga motor, online lagi..
Btw aman, trusted..
Packing meskipun ga pake kayu tambahan tp ga masalah,"
chaidirahman,
akbar_revelinz,Oke ğŸ‘
tasyatasyaaa,"pengiriman cepet nyampe di hari yg sama. mantapppp. mudah""an awet"
akezhi21,"Produk original, sesuai pesenan, mantaaappp bosskkuuuğŸ‘ğŸ‘ğŸ‘"
ayurezka21,Ma syaa Allah....mevvah bgt pasific blue nyağŸ˜ sayang jne nya lelet sekali ke tempatku 5hr br sampe..
mimibelopashop,"Baru pertama kali beli hp d shoope jg dgn hrg yg woww  alhamdulillah pkt nya sampai dn ori tentunya,mksh jg bt admin ibox yg slalu sbr bls chat dr sy ,sehat dan sukses slaluğŸ˜ŠğŸ˜ŠğŸ˜Š"
s*****_,
bogotabeautygresikkota,"Ori ibox, baru kali ini pakai shope express dan expedisi lama bangett sampai hampir 2mingguan huhu ğŸ˜Œ"
koalapit,"Pengiriman cepat, produk ori, mantap, moga awettttttttttt"
mesrayulianah,
summer_everywear,keren !! 
angeliat,
k*****y,Sampe dengan selamat ğŸ‘ğŸ¼
f*****z,
andoyo18,WOW
heykosme,Bintang5 cek...
dewivitria,
pujisyaf,barang bagus sempurna mantap
l*****y,Paking aman banget
faizz.store09,Sangat puas
putriwahyunieffendi,
itarosiana93,
hafizibudd,"Gelaa gelaaa parah parah ğŸ”¥ğŸ”¥, thanks ibox ğŸ‡²ğŸ‡¨"
zuci_tata,"iBox memang istimewa, PO tgl 12 datang tgl 19 â¤ï¸"
eviemarwati,
ninidya,Ikut PO hari ke 2. Pengiriman tepat waktu. Packing aman dan sejauh ini fisiknya tidak ada yang rusak. Semoga tidak ada masalah kedepannya. TerimakasihğŸ‘ğŸ»ğŸ™
indrawan1236,
itsmewa2n,Sesuai ekspektasi...kemasan rapi..barang oke...yg minus cuma di pengiriman...lamaa pake jne....
o*****3,Barang sampai dengan baik tapi ini kalau bisa soal pengiriman harus ditingkat kan lg saya gaakan rugi kalau misal nya di suruh bayar lg buat pengiriman molor 4 hari di pingiriman dan ga jelas barang nya di mana resinya ga bener berasa di kirim dari cina lama banget dari PO terus di kirim nya
jeremiatan,"produk original dan bagus sesuai dan tidak ada kerusakan, pengiriman cepat dan admin ramahğŸ‘"
renandra075,Terimakasih atas fast respon dan keramahannnya maaf baru bisa kasih penilaian
xebrieng,"Produk original. Packaging kurang aman, bubble wrap sedikit banget, box tiba dalam kondisi robek."
r*****6,"Pesanan sudah diterima dengan baik, packing aman dengan kayu, tapi agak lama aja dalam pengiriman, semoga awet...terima kasih"
s*****a,"Produk sesuai, pengiriman dan packing aman sampai keluar kota. Terima kasih"
sulleys03,"Pengiriman cepat, dengan packaging yang aman. Barang original. Terima kasih banyak"
marone22,Mksh ibox hp sdh diterima dgn baik dan aman moga awet
agusukapple,"Mantaaap ternyata g sampe Tgl 23 dikirim...thanks iBox...
"
a*****m,"Produk Original
untuk ibox saya agak kecewa kerena gk dapet kantong ibox hitam , yang lain pada dapet.

untuk shopee, pengiriman via shope express standar lama bangeet , udah info resi nya gk jelas, barang tidak diketahui dimana ! 7 hari baru mendarat di aceh . hampir panik karena baru ini pertama x"
ibujenderal,"Good job! Ikutan PO, trs cepet bgt dikirim tepat waktu. Thank youuu"
1313n,
i*****4,"alhamdulillah paketnya sampai dengan selamat , cuma di box nya ada sedikit robekan, tp alhamdulillah dalamnya aman"
ditowijaya,alhamdullah barang sampai dengan selmat kondisi oke aman smua
j*****7,"Produk sampai 2 hari pengiriman, pakcing aman, barang ori ibox. Ada kesalahan dalam pengiriman faktur pembayaran (iphone xr) lalu setelah komplen di kirimkan e-faktur melalui email.
Thanks"
a*****z,Pesanan sesuai gan pokoknya mantap dah cuma agak lama aja sih dipengirimannya selebihnya perfect dah
kafuka.online,"Kotak pengiriman penyok banget, tpi iphone nya aman, tidak lecet, masih brand new"
shortstuff_,"pengiriman cepat sesuai jadwal, aman, respon cepat!!!!!!"
a*****a,baguuuusss bagus bagus bagus sampai dengan selamat yeaaaayy
tako8h,"Akhirnya sampe pas di tgl 18.. keren ,,pengiriman cepet cuma pengemasan nya aja agak mengkhawatirkan plastik nya cuma d belit belit aja tipis pulağŸ˜‚lapisan dalam box pakai buble wrap 
Gpp deh untung sampe dgn aman"
f*****h,"Kualitas produk bagus , cuma rada kecewa aja sih sama packingnya . Bukan kacang goreng loh ini isinya!! Hikssss . Pengirimannya juga , JNE parah asli ğŸ’”"
prilaputri,"Pengiriman cepat, barang tidak mengecewakan.
Terimakasih kak, semoga jadi langganan.
Hehehehehe"
suhendybrandon,"Baru kali ini PO dimari belain begadang tpi ga dpt benefit apa2 , mending beli  lgsng tgl 18 , barang ready dan dpt cashback cicilan 1-2 bln , mau saya cancel ga bisa ,  baru ini kali juga belanja barang , barang blm di proses ga bisa di cancel , paraah ibox jualan nya "
e*****g,"cepat banget keren langsung sampai hari itu jgğŸ˜ğŸ˜ 
terima kasih banyak ibox keren pelayanannya"
a*****7,"Alhamdulilah paket sudah sampai ditempat. Barang ori karna langsung dari iboxnya. Enggak sabar banget buat langsung pakai karna sudah lumayan lama saya mau beli iPhone ini. Untuk pengiriman nya lumayan cepat, tetapi untuk peeking sedikit kurang yakin karna hanya menggunakan kardus dan bubble."
a*****o,"Thanks pesanannya sudah sampai. 

Hanya saya terkecoh dg gambar di photo product. Saya kira dapat  bonus aksesoris magsafe (untuk yg preorder), ternyata hanya gambar ilustrasi, jadi yg preorder keuntungannya dapat duluan saja, jadi ga ada bonus dll. "
xiaomei94,"Order jam 11, jam 3 uda sampe sesama jakarta pake instant manteb ğŸ¥ºâ¤ï¸"
abang.asat89,Mantapppppp
selvishy,"ga dapet tas iboxnya ternyatağŸ˜, tapi pengiriman cepet cuman sehariğŸ‘ğŸ»"
ihsan_mohamed,"Mantap... Trims
Barang sangat bgus, Packing aman..
Respon cepat dan pengiriman jg cepat. 
recommended banget ğŸ‘ğŸ‘ğŸ‘"
t*****5,"Bagus, asli cuma yang gw nggak suka temen temen gw jadi pada iri, buat koleksi aja dah"
r*****a,Belum dibuka sih semoga kondisinya aman2 aja terutama selama pengiriman produk karena hanya di bubble wrap dalam kardus yg cukup longgar
m*****a,Paket sampai dengan aman dalam kondisi yang baik...super recommended ğŸ‘ğŸ»
christinehakimshop,Hp berfungsi dengan baik............ Mantap daaaah.....
a*****r,"Barang Original.
tetapi system pengiriman lumayan lama, pertama kali pakai shopee express karena autofill, tidak bisa terdeteki posisi saat pegecekan online.
Posisi paket tidak updated.
Call center shopee express tidak memberi solusi setiap di 
Hubungi via telephone.
Pngemasan kurang baik."
m*****r,"Barang original dan kulitas terjamin, penjual ramah dan responsif, feedback cepat. Pengiriman juga OK meskipun sedikit terkendala akibat PPKM darurat di area Jabodetabek"
wahyufd04,"Pengirimam cepat. Packing rapi hanya kota terlalu besar sehingga iphone berikut box nya bisa jadi bergeser geser dan bisa box iphone penyok.
Overall okee... Mantap."
akanunoz,"thank you, paketnya sudah diterima dan aman juga, thanks yaa !! :)"
d*****0,Pengiriman sangat cepat sekali. Dikemas dengan sangat aman dan baik. Respon penjual juga sangat baik & cepat. Aman terpercaya. Terimakasih banyak....
tfebrianto,PO sdh ditangan .... mantabs pas tgl 18 Des nyampe nya... ORI... IBOX mantab.. sy datang ke IBOX Bintaro_plaza buat tanya2 dii respond dgn baik.... the best
juliyanti_lily,keren bangettt ğŸ˜ğŸ˜
milyasurita,
nesyafirgiasagita,"Kualitas produk standar, harga produk standar, pengiriman lama banget, respon penjual standar."
ariefinmuhammad,Mantap....
bliwaras,"Barang sesuai pesanan dan bekerja dengan baik
Sampai di Lampung dengan selamat diantar langsung oleh 3orang dari shopee dengan Mobil setelah sebelum nya konfirmasi via telp.
"
chaca_2323,"Makasih iBox udah sampaii dengan selamaaat, secantikkk itu tapi claim bisa apa gak blm tahuuu"
kikisepti,
naratrid,Pelayanan bagus. Cuma waktu pengiriman pas sale 12.12 jadi sampenya lama
angelkrisila,pengirimanya cepat banget sehari sampai dan respon adminya ramahâ¤ï¸
v*****a,
k*****a,
deviumaryani,Pengiriman sangat cepat .....barang original ....trimakasih i box
d*****w,"Bener2 sesuai dan tidak mengecewakan, produk nya sesuai. Puass bnget"
nurfitriannisanufi,Akhirnya yg d tunggu2 dtg juga. Mantappppp
harris15,
k*****a,
ncastore,Lanjut pubg ğŸ˜ğŸ˜ğŸ˜
jessica_d,"PO cepettt ini...yg ktnya dblg dkirim tg18,,taunya tg18 uda sampe.. Mantepppp"
tukangkulitasli,Mantab. Mendarat dengan selamat
narendrasulistiyo,"Pembelian termahal di e-commerce, dateng dengan packaging yang baik. Bagian dalam dilapis bubble wrap dan di luar ada semacam segel buat nandain paket benar-benar belum dibuka. Produk asli masih green peel, ngga ragu lagi buat belanja di OS iBox ini. "
m*****a,"Terbaik..
Fast Respon
Pengiriman cepat
Kapan ready stock lahi nih ???
"
y*****3,"Thankyouuu â¤ï¸
Minus y ga di kasih paper bag ibox y . Yg lain oke . "
n*****x,"Habis menang judi slot, JP 50jt langsung beli ini, hahaha
Ga nyangka sebelumnya bisa beli hp ini, terima kasih zeus yang telat memberikan saya JP.
barang nya gak usah di komen, pasti bagus itu lah."
bakpiamutiarajogja,"Stok ready, dan respon cepat, packaging oke, ada stiker info customer care nya juga. Mantap layanan nya. Kemungkinan kita akan beli lagi. Terimakasih ya"
nahrilelmoezt,Brg original.. Pengiriman cepat.. Cuma barangnya datang kardus sudah sobek 
r*****o,"Pengiriman ontime, hanya expedisinya yg lemot. Mohon ditambah lagi pilihan expedisinya, jangan hanya satu pilihan."
k*****_,"ga nyangka barangnya nyampe cepet bgt, dibungkus dengan aman, respon penjualnya juga baik dan ramah ğŸ‘ğŸ¼"
ermelinda.conceicao,"Bagus produknya
Pengiriman nya cepat
Suka sama Hpnya 
ğŸ˜ğŸ˜ğŸ˜ğŸ˜ğŸ˜"
pasarkaget.24jam,Suka bgt warnanya mewah
juliyanti_lily,mantapppâ­ï¸â­ï¸â­ï¸â­ï¸â­ï¸
nonaisme8333,
maryajuni94,Makssih udh sampe ğŸ¥°
jhonilim88,
kikipandelaki,
mericiembroideries,
boenny,
w*****a,ğŸ‘ğŸ‘ğŸ‘
mithaayuds,
irhamf1997,
vikaandalas,
ns_store18,
bobbydonalds,Mantap ori barangnya
muh_istiqfari_nurdin,
f*****9,
pasyazaki,ğŸ‘ğŸ»ğŸ‘ğŸ»ğŸ‘ğŸ»
rara.dw,
rendyachfanawaludinaen,Thanks
fiddin27,
iintiurpurnama,
y*****s,
andimhuda,
rudvan123,
s*****f,Akhirnyaaa dapet wrna iniğŸ¥°ğŸ¥°ğŸ¥°
wildanpramana1998,
t*****o,
muhdidinsyaifudin,
marison_pasaribu,
mozesmuse,
elguzzein,"Mendarat dgn aman dan perfecto..
thanks IBOx"
aaron_chi,
tomy3221,Bagus sesuai dengan pesanan 
sorong.shop_rambut_anyam.id,Nice One
r*****7,"Niceee , mantaap. "
adry387,
r*****1,Puasssss...
c*****d,"Mohon bantuan claim era pointnya, karena error. Beli 2 iPhone cuma bisa masuk 1 "
t*****1,"packaging kerdus biasa, tidak ad shooping bag ibox ny"
rutniati,"Iphone asli dah di cek imei dan bergaransi. Tapi setelah hp diterima ada oknum nakal yg nelpon (perempuan logat org sebrang) dan minta transfer 1,5jt katanya utk klaim garansi internasional. Hati2 buat yg lain! Mohon ibox jaga privasi konsumen!!!"
ankitrihal,Whatever offer seller has committed none delivered. Emailed Era Club as well no response. Will be filing a legal case if reply doesn't come before 31st of this month. 
datas46,"Thank you, Ori"
leny_fij,Original.Tapi untuk packaging kurang safe bgt...pengiriman luar kota mending pakai jne krn shopee standart lama bepğŸ™‚
selvianovig,"Expedisinya lama bgt melebihi estimasi perkiraan barang datangÂ 
Barang datang smpe 8hariğŸ™ˆ"
v*****d,"Pengiriman tepat waktu sesuai jadwal yang di berikan, packaging aman bagus dan rapih 
"
a*****8,Barang bagus  respon pelapak baik hanya saja pengiriman sangat lama di luar estimasi order dengan shopee expres kejelasan paket tidak ada posisi sedang transit terus akhirnya liat review kons lain dateng via si cepat sy kejar ke gudang si cepat barang ada d gudang saran jgn pk shope expres
p*****8,"krn baru kali ini beli iphone online, deg2an. Resi update udh dikirim dr tgl 17, tgl 18 sore udh sampe, brarti cm 1hr pengiriman, barang aman. Tp kyk kena prank krn trnyata 18 ready di store jg, aku kira dgn ikt an PO artinya kita yg dpt barang duluan. Pdhl udh capek2 standby nunggu jam 12 malem"
kickychaca,"Thankyou, my iphone safely arrived at homeâ˜ºï¸â˜ºï¸â˜ºï¸ sadly i didnt receive any ibox shopping bag...kinda like it but it wasnt include"
alyanovel,packing keluar kota cm pake dus biasa .. riskan bgt sih ini.. di benerin please
markussusanto89,Thank you! Diterima pas tgl 18! ğŸ˜†
rubiaeceae,"Setelah saya pakai, tidak terjadi masalah.
Kamera sesuai, kesehatan baterai sesuai, charge sesuai."
dr_kiranabeautycare,
muhamadsidik8,Respon baik. Barang ternyata cepat sekali sampainya ğŸ‘ğŸ»
anandjordan,Tidak ada kantong ibox nya dan thank you note dari ibox nya hiks pdhal itu cukup berarti 
aqienmuttaqien,Meski hrs menunggu lama tapi puas setelah sampai
adiksm,"Order tanggal 13 , diterima sampe surabaya malam tanggal 18 , luar biasa"
deedoc83,"Barangnya bagus, aman beli disini... cs nya ramah ramah bintang 5"
renpray,Makasih ibox
ochamarocha,Barang diterima dg baik..semoga iphone nya awet..terimakasih...
pu2t_ryder23,"Di packing pakai bubble wrap di masukin ke kardus tapi masih longgar, untuk masih aman packingnya.. pesen kemaren nyampe hari ini. Makasih"
2elsignature.,Originaaalllllllll TOP langsung dapet kebagian ğŸ˜ğŸ˜ğŸ˜ğŸ˜
ryo_anfield0309,"Sampai dengan selamat, pengiriman sangat cepat dan baramg yg di pesan sesuai, PUASSSS"
ns_store18,
mamisally27,Waaaaa senenggg bangettt iphone 12 pro max aku sudah datang cepat banget sampai nya gak perlu keluar rumah dan antri2 thank you so much 
m*****0,"PACKING NYA TOLONG LEBIH DI PERHATIKAN DAN DI TINGKATKAN LAGI , INI BARANG PULUHAN JUTA BUKAN BARANG PULUHAN RIBU ."
beningsnewbie_pwt2,"Brg sampai dgn aman, syg pengirimannya lama sekali sampai 5hari. Perbaiki sistem pengirimannya min"
lshenliang,Barang Mulus. Packing bagus. Sangat sempurna. Terpercaya. Sudah di test. Mantap barang nya. Saya akan selalu belanja di tempat Anda. Mohon info kalau ada produk baru.
mustofa_1993,mantap surantap bosku
o*****e,happyyyyyyy udah nyampeee!
dianolala,Mendarat dengan selamat cuma bablewrapnya tipis banget.sempet deg2kan
b*****g,Alhamdulillah nembe tekan 2 dino langsung payu tor bati rong juta
rancena,Handphone sampai dengan selamat !
henrym.popang,"Paket sudah diterima tepat waktu, awal-awalnya ragu akan keaslian dan pengemasan paketnya, tapi setelah tiba semuanya ok. BARANG ASLI DAN PENGEMASAN AMAN. Jangan ragu belanja di IBox Shopee ğŸ‘"
k*****9,"Baru pertama kali beli barang super mahal di online. Ada lecet sedikit, tapi overall berfungsi dengan baik. Pengiriman cepat tapi sayangnya packagingnya gak aman banget, bubble wrap tipis, gak ada box kayu. Fitur chat gak ada response sama sekali kalau ditanya adminnya."
zidan420777,Bagus banget maantap lah
d*****o,"Pertama kali beli via online dan barangnya di packing dg aman dan Hpnya bagus, menyakinkan utk belanja lg di ibox.. 
"
,
girlystuff.pontianak,Mantapppp
s*****b,
erna_dina,Produk ori... tapi aku nggak dapat tas dan kartu ucapan... padahal ngarep banget... ğŸ˜—
m*****n,"Mantaffffffff luar biasaaaaaaa, kereeeeen"
rackaraditya,"Produk original, tersegel / green peel, bergaransi resmi, dapat diskon, packing rapi, pengiriman cepat... Thanks Shopee dan Ibox..."
zan_h,"Barang diterima dalam keadaan baik, belum dites, terima kasih."
zakidjafri,"Makasih.. barang sdh kami terima dalam kondisi baik dan sempurna.. 
Smoga smakin maju dan sukses"
bandar_grosir_lsm,Produk mahal'tp ekspedisi yg yg d kirim sagat jlk'msekelas jne
lusiseptiza,"Iphonenya sampai dgn cepat, tapi gk ada tas ibox dan kartu terima kasih nya"
awanbaday,
suriyantochua,"Nga ad kartu ucapan makasih,dan bag ibox ğŸ˜‘"
colchique.eight,Pelayanan Ibox sangat amat mengecewakan. 
teguh.hadisaputra,pengiriman tidak sesuai untuk pre order.
a*****2,Semoga barangnya awwettt aminnn dan bermanfaatttttttttt
vera_vie6,"Iphone original asli, top ğŸ‘ semoga sukses ğŸ‘"
m*****a,Mantulllllllllllllll
rezha87,ğŸ˜ğŸ˜ğŸ˜ğŸ˜ğŸ˜ğŸ˜ğŸ˜
a*****i,
easd87,Makasih gan barangnya udah sampai
yogii_ferdiansayah12,Mntapsss pengiriman cepatâ€¦ğŸ‘ŒğŸ‘
estuniceid,"
Terimakasih Shopee & Ibox ğŸ˜"
kawas62,
safiraaziza48,Ngga dapet tas
aliimran81,Mantappp
hengky2888,Barang asli dan original trimakasih ibox
ordinateofficial,Mantap
fatinfr,No komen wes timbang ruwet @fafira.tif
pm8tyuam1o,Alhamdulillah brg sdh datang..bagus..
a*****m,ğŸ‘ğŸ‘ğŸ‘
afith8,Fast respon
easd87,Makasih gan barangnya udah sampai
wdchic,Ga dapet dustbag ibox ğŸ˜
rama.d,Cepet bgt sampainya!
muhammad_ihsan_afif,Ibox tidak diragukan lagi kwalitasnya
mitadriani,Mendarat dengan selamat.. Mantapss!
fadhila3101,Mkasih ibox â¤ï¸â¤ï¸â¤ï¸
fredyhalim,Barang mulus pengiriman sangat cepat respon ok
e*****s,Puassss pokoknya ğŸ‘ğŸ» Puassss pokoknyağŸ‘ğŸ»  Puassss pokoknyağŸ‘ğŸ» Puassss pokoknya
l*****5,Packing bagus banget n rapi..aman..
azar230598,The besttttttttttttttt mantap
seidgnwn,Mantap
ferysualim,Packaging rapi dan pengiriman cepat
henllylin,Mantaff
sphinktechnic,Good
rinaldohutasoit,Sampai dengan baik dan cepat
z*****a,mantab semuanya
f*****6,"Barang mantapğŸ‘
"
emansuhendra,Mantap
i*****o,Mantap bet
kuldolin,
l*****h,
imandadyka,"Mantabb, kirimnya paket urgen dong ğŸ˜ğŸ˜"
arya261001,Mantap pengiriman cepet barang aman 
b*****5,
danikalid,
babypandatio88,
sie.ayis,
gulbudin_h,
n*****1,
solusirumahmedan,
azzahraalfian,
azzahraalfian,
rezawoyla,
rezawoyla,
smartboxsmd,
smartboxsmd,
milyasurita,
l*****s,
asyifathaharah,
m*****8,
h*****i,
linasakinah,
tedytj,
mrr88,
yulitairma,
vera_indarti_djatmika,
novasariindahh,
krismit,
mainakamainaka,
nyoenk,
ocharecha22,
09uci,
evimakeup9,
shal.label,
putresput30,
cicish,
rosalinpetrina,
t*****k,
f*****a,
putrialfilutfiana,
tokokalimantan,
viinovitaa,
dr.kartika,
raudhotuldhotul,
mutiara1601,
distributorwoodpeletvr,
herwinawink,
jeloved,
syahm00,
mrsi.store,
a*****a,
astirama,
cassie.pgmta,
mervy22,
walkupcloth,
joshuas03,
endahwid12345,
b*****o,
shanayaaufa,
audipermana,
damoma_shop,
yulieyenn,
adheiemaa,
bernadetteria,
nafetion,
miyaelmira,
sarirahmada,
dewikirman,
cheistore,
m_ramadhian,
andegokil,
s*****4,
h417dy,
qasya.cathouse,
v*****n,
novarinatowoliu,
youkey,
paneagnes09,
dew_wei,
taqiyyakatya78,
depisusanti,
jeskakamka,
killersteel88,
wirnamayasari,
,
oktavina1997,
aliceapple93,
angel_monica97,
rikyrianto,
egody86,
sucitri3,
m*****8,
listi_lind,
arviviarvi234,
muh.abisar,
k*****f,
mrsandjaya,
lubnastoree,
naifa82,
yusufz12,
sizuwhiteofficialshop,
abel22788,
nests,
kevnsg,
nayshop23,
latifahsyarifhasion123,
quartusdubertmoskwa,
marta23,
missfurqon,
derytj,
r*****a,
ricocanfly12,
wils0812,
melajusuf,
tiaermawati,
donnyevild,
yulliwjy,
newlightid,
sandra_anda,
i*****i,
optik_einstein,
rendy1704,
bryanharlie,
ten247,
kaetishop,
poppyd3wi,
mariniarisandy,
sadewimaharani,
trendstoreid,
windadj,
zeze028,
yenzdc,
preloveyuna,
bellams,
jefrikam036,
riang.pd,
tomyouyang,
j*****a,
danangwisnu,
kiddyempire228,
marjeane20,
juliani2425,
msglow92,
henrago,
raffiqatulardi123,
wawan_jbr75,
dafiqshop,
zharevant,
m3i_chin9,
intanparhana,
dindasuardi79,
y*****8,
s*****n,
danker.sibodoh,
alexachungs,
y*****h,
ernaliee,
yennywongsuhendro,
kuroangel00,
anggi2516,
shantidm,
octa_____,
e*****o,
mdinulfr,
andirangga0503,
n4stuff,
vitaheriyono,
olsabar,
hasnahjahira,
laimanadiputra,
anidarwani,
aryosing,
mariasynthaa,
zamorano1249,
aliffah.sagita,
nuyy_inuy,
whinaldosuhenlie,
agathaelsasiagian,
dudansofwatullah,
buttermelon_id,
tiffanyyke01,
vino696969,
nata120380,
yosuapoputra,
lennywatykusuma,
atcayuli,
vative.cc,
qaleisya,
aldoputrakesatria,
bez020718,
gadgedsecoundstore,
m*****o,
baraartawa,
eddychou18,
diahayuintan,
dhanydoy,
alimsantoso01,
amrul274,
raiiihan25_,
sylmrs,
debiangriani,
rusli_c,
febrial2013,
rizkye064,
enwayex,
trianialyanto,
b*****9,
ardivnx,
subrotofahri,
r.anisya,
welsonclarance,
adhityasakti,
adhityasakti,
adhityasakti,
adhityasakti,
1o0m46605l,
1o0m46605l,
jony_asiong,
jony_asiong,
linal88,
grandysayuw,
a*****w,
mennocollection,
keksecookies,
urips25,
jovicoattire,
e*****h,
a*****2,
o*****d,
richardlukas,
asharirhmn,
jaya_prima2106,
tsaraarbiaty,
annissa,
helga_zahran,
jemmyhen77,
j*****7,
elleara.id,
budijang12.,
abkaek,
viagold.id,
hoky95,
tokotopupcom,
il0_veyou26,
dhanieltumpalfernando,
karinasofiana,
haryanto712,
id7281_88798,
syaifullkympull,
naufalhardianto.,
tiaranurtiandini,
fadhio17,
thriftonaire,
xtreamer,
yuniirwanty18,
lethalhandsome,
handd77,
f*****6,
dewikayla_,
pramsya,
marwanhadii,
t*****9,
g*****1,
l*****o,
muhammadaliff14,
budiardianto,
firmannnnnnnnnn_,
desinurmiyanti,
apinqliu,
fennyjf,
maliqueachmad,
adhellbebe,
devendenyvenrank,
ade.sambas,
putihpermata,
batikputrarilis,
janelzh,
etur123,
all1980,
jeannienl,
anggar_aditya,
aldisasongko,
,
julianleons,
exwilbert08,
69vapemedan,
velazquez1987,
devinwijayaa,
e*****r,
wirantosaproji05,
zafauza4,
garrygeo,
stanleyhanes,
roishartantorois,
dikcowahyup,
kazero.official,
e*****c,
samuelsantosomail,
elangrakha,
aprilia200488,
sigitrina21,
handi_setiatama,
jacky_butterfly,
wahyu4rt,
qhi_rezki,
w*****n,
narko_08,
irsanfuad,
rhoestamnaufal,
ong.paulus,
novanadityap,
ryondfrank,
tamlikho_ahmad,
susanakayameee,
heri_bun,
sukiantotan,
jalanjalansore,
elpro_shopp,
nath73,
denislim,
azrkhrr,
sonarbekasi.idn,
g*****2,
twinheadstore,
halimarsy,
batikmaboss,
tarrunobinarso,
g*****e,
vhiolivia,
sugiantobong,
kikypratama225,
o*****d,
raffiesae,
jn999,
adammeiriska,
robi_rakasiwi,
sugilo,
dodi0809,
handono2701,
keduk28,
vinosuklan,
windra40,
arjuna23052000,
ronyamzah,
v*****e,
street_r,
,
unperfume.id,
gevindharma,
herada,
vienzha99,
gungyuda67,
hasanbahr.,
1tindikthrift,
leonwilliamthen,
idmaney_shop,
25raju,
andrendee,
s*****4,
zionnns,
a*****b,
novannop,
cooperkidz,
ichalputraaz,
lenon31,
hardy_ndy,
automotive_mart,
christ.12ut,
afvizh,
aldiaprialdo,
andisempo,
remonjepret,
ihsan_254,
harrygi,
zivo12,
fandyriadiharja,
k*****5,
rccell,
butet_pagun,
m*****i,
wicaksonoabdinurmuhamad,
k*****7,
ajieaceh1985,
abdika21,
dandirezafalefy,
saputradwie,
topper88,
linda_wong,
qaidarkana27,
sitihanamaulida12,
teddicivil08,
jemi_hutagalung,
xaverius_ericson,
e*****m,
h*****y,
